<?xml version="1.0" encoding="UTF-8"?>
<project-private xmlns="http://www.netbeans.org/ns/project-private/1">
    <editor-bookmarks xmlns="http://www.netbeans.org/ns/editor-bookmarks/2" lastBookmarkId="0"/>
    <open-files xmlns="http://www.netbeans.org/ns/projectui-open-files/2">
        <group>
            <file>file:/C:/Users/jory3/OneDrive/Desktop/SRMS-project/SRMS/src/srms/Student.java</file>
            <file>file:/C:/Users/jory3/OneDrive/Desktop/SRMS-project/SRMS/src/srms/StudentManager.java</file>
            <file>file:/C:/Users/jory3/OneDrive/Desktop/SRMS-project/SRMS/src/srms/SRMSapp.java</file>
            <file>file:/C:/Users/jory3/OneDrive/Desktop/SRMS-project/SRMS/src/srms/AutoSaver.java</file>
            <file>file:/C:/Users/jory3/OneDrive/Desktop/SRMS-project/SRMS/src/srms/FileHandler.java</file>
            <file>file:/C:/Users/jory3/OneDrive/Desktop/SRMS-project/SRMS/src/srms/ReportGenerator.java</file>
        </group>
    </open-files>
</project-private>
